Identifiant;Active (0/1);Nom;Categories (x,y,z...);Prix HT;ID règles de taxes;Prix d'achat;En soldes (0/1);Montant de réduction;Pourcentage de réduction;Réduction de (aaaa-mm-jj);Réduction à (aaaa-mm-jj);Référence;Référence fournisseur;Fournisseur;Fabricant;EAN13;UPC;Eco taxe;Largeur (cm);Hauteur (cm);Profondeur (cm);Poids (kg);Quantité;Quantité minimale;Visibilité;Frais de port supplémentaire;Unité;Ratio de prix unitaire;Description courte (html);Description (html);Tags (x,y,z...);Balise de titre;Méta mots-clés;Méta description;URL simplifiée;Texte "En stock";Texte "En commande" (si autorisé);Disponible à la commande (0 = Non, 1 = Oui);Date de disponibilité du produit;Date d'ajout d'un produit;Afficher le prix (0 = Non, 1 = Oui);URLs des images (x,y,z...);Supprimer les images existantes (0 = non, 1 = oui);Caractéristique(Nom:Valeur);Disponible en ligne uniquement (0 = Non, 1 = Oui);Etat;Personnalisable (0 = Non, 1 = Oui);Fichiers téléchargeables (0 = Non, 1 = Oui);Champs text (0 = Non, 1 = Oui);Si rupture de stock;Gestion des stocks avancée;ID ou nom de la boutique
2230549;;Bougie cylindrique 50h noir;30,27,67,65;7,5;1;;0;;;;;2230549;;;;3023672305492;;0;;;;;50;1;;;;;;<p>La soirée s’annonce lumineuse avec cette <strong>bougie cylindrique noire</strong>. Sur un angle de table, cette <strong>bougie pilier</strong> joue la carte du chic et de l’élégance. Teintée masse, la <strong>bougie cylindrique</strong> dans son fourreau noir apporte une touche contemporaine dans votre salon. Réhaussez-la d’une pointe de couleur et mettez le style épuré de cette <strong>bougie noire</strong> encore plus en valeur. <br/> <br/> <strong>Fabriquées à la main</strong>, ces <strong>bougies noires</strong> sont conçues à partir de méthodes traditionnelles pour vous garantir une <strong>qualité haut de gamme</strong>. Ces <strong>bougies artisanales</strong> sont dotées d’une qualité de brûlage exceptionnelle, assurant pour chaque bougie une durée de combustion d’environ 50h, sans risque de coulure. <br/> <br/> Pour un clin d’œil « damier », contrastez la <strong>bougie noire</strong> à la <a href="/2230501-bougie-cylindrique-50h-blanc" >bougie cylindrique blanche 50h</a>. <br/><br/> Bougie artisanale fabriquée à la main. </p>;;Bougie cylindrique 50h noir;Bougie cylindrique 50h noir;La soirée s’annonce lumineuse avec cette bougie cylindrique noire. Sur un angle de table, cette bougie pilier joue la carte du chic et de l’élégance.;bougie-cylindrique-50h-noir;;;1;;2013-01-01;1;../import/couleur/colorama/fumeurs/2230549_1.jpg;0;Hauteur : 100, Diamètre : 70, Poids : 338, Durée de combustion : +/- 50, Tranche de combustion : 45 à 55 heures, Type de produit : Bougies cylindriques, Collection : Colorama, Famille olfactive : , Parfum : ;0;;0;0;0;0;0;1
2230501;;Bougie cylindrique 50h blanc;30,27,67,65;7,5;1;;0;;;;;2230501;;;;3023672305010;;0;;;;;50;1;;;;;;<p>Allumée ou non, cette <strong>bougie cylindrique blanche </strong> éclatante de blanc, procure déjà une source de luminosité à toute une pièce. Teintée masse, la <strong>bougie cylindrique</strong> se révèle un objet déco incontournable lorsque la soirée s’annonce éblouissante. Au coloris classique, cette <strong>bougie blanche</strong> reste un basic qui traverse le temps et les modes. <br/><br/> <strong>Fabriquées à la main</strong>, ces <strong>bougies blanches</strong> sont conçues à partir de méthodes traditionnelles pour vous garantir une <strong>qualité haut de gamme</strong>. Ces <strong>bougies artisanales</strong> sont dotées d’une qualité de brûlage exceptionnelle, assurant pour chaque bougie une durée de combustion d’environ 50h, sans risque de coulure.  <br/> <br/> Jouez le « yin et yang », et jumelez cette <strong>bougie blanche</strong> à la <a href="/2230549-bougie-cylindrique-50h-noir" >bougie cylindrique noire 50h</a>. <br/><br/> Bougie artisanale fabriquée à la main. </p>;;Bougie cylindrique 50h blanc;Bougie cylindrique 50h blanc;Cette bougie cylindrique blanche procure une source de luminosité à toute une pièce. Au coloris classique, cette bougie blanche reste un basic qui traverse le temps et les modes.;bougie-cylindrique-50h-blanc;;;1;;2013-01-01;1;../import/couleur/colorama/fumeurs/2230501_1.jpg;0;Hauteur : 100, Diamètre : 70, Poids : 338, Durée de combustion : +/- 50, Tranche de combustion : 45 à 55 heures, Type de produit : Bougies cylindriques, Collection : Colorama, Famille olfactive : , Parfum : ;0;;0;0;0;0;0;1
2230502;;Bougie cylindrique 50h ivoire;30,27,67,65;7,5;1;;0;;;;;2230502;;;;3023672305027;;0;;;;;50;1;;;;;;<p>En toute occasion, la <strong>bougie cylindrique ivoire</strong> parée d’un soupçon de crème, dispense sa lumière sobre et élégante. Parce qu’elle est intemporelle, cette <strong>bougie ivoire</strong> teintée masse se marie à tous les styles. Sur photophore, la <strong>bougie pilier</strong> vous accompagne pour un moment doux et recueilli. <br/> <br/> <strong>Fabriquées à la main</strong>, ces <strong>bougies ivoires</strong> sont conçues à partir de méthodes traditionnelles pour vous garantir une <strong>qualité haut de gamme</strong>. Ces <strong>bougies artisanales</strong> sont dotées d’une qualité de brûlage exceptionnelle, assurant pour chaque bougie une durée de combustion d’environ 50h, sans risque de coulure.  <br/> <br/> La sobriété naturelle de cette <strong>bougie cylindrique ivoire</strong> donne envie de lui adjoindre quelques <a href="67-bougies-d-ambiance" >bougies d’ambiance</a>. <br/><br/> Bougie artisanale fabriquée à la main. </p>;;Bougie cylindrique 50h ivoire;Bougie cylindrique 50h ivoire;En toute occasion, la bougie cylindrique ivoire dispense sa lumière sobre et élégante. Parce qu’elle est intemporelle, cette bougie ivoire se marie à tous les styles.;bougie-cylindrique-50h-ivoire;;;1;;2013-01-01;1;../import/couleur/colorama/fumeurs/2230502_1.jpg;0;Hauteur : 100, Diamètre : 70, Poids : 338, Durée de combustion : +/- 50, Tranche de combustion : 45 à 55 heures, Type de produit : Bougies cylindriques, Collection : Colorama, Famille olfactive : , Parfum : ;0;;0;0;0;0;0;1
2230514;;Bougie cylindrique 50h taupe;30,27,67,65;7,5;1;;0;;;;;2230514;;;;3023672305140;;0;;;;;50;1;;;;;;<p>Avec la <strong>bougie cylindrique taupe</strong>, commençons par le repos de yeux, pour plonger ensuite dans une ambiance calme et chaleureuse. Aux tonalités naturelles, à l’aspect velours, cette <strong>bougie pilier</strong> s’habille de subtiles nuances terreuses. Teintée masse, la <strong>bougie cylindrique</strong> complétée des <a href="/67-bougies-d-ambiance" >bougies d’ambiance</a> blanches et ivoires est un gage de sérénité pour vos fins de journées.<br/> <br/>  <strong>Fabriquées à la main</strong>, ces <strong>bougies taupe</strong> sont conçues à partir de méthodes traditionnelles pour vous garantir une <strong>qualité haut de gamme</strong>. Ces <strong>bougies artisanales</strong> sont dotées d’une qualité de brûlage exceptionnelle, assurant pour chaque bougie une durée de combustion d’environ 50h, sans risque de coulure.  <br/> <br/> Ces <strong>bougies cylindriques taupe</strong> ne demandent qu’à être mises en valeur par nos plus belles <a href="74-petites-verreries" >verreries</a>. <br/><br/> Bougie artisanale fabriquée à la main. </p>;;Bougie cylindrique 50h taupe;Bougie cylindrique 50h taupe;La bougie cylindrique taupe vous plonge dans une ambiance calme et chaleureuse. Aux tonalités naturelles, à l’aspect velours, cette bougie pilier s’habille de subtiles nuances terreuses.;bougie-cylindrique-50h-taupe;;;1;;2013-01-01;1;../import/couleur/colorama/fumeurs/2230514_1.jpg;0;Hauteur : 100, Diamètre : 70, Poids : 338, Durée de combustion : +/- 50, Tranche de combustion : 45 à 55 heures, Type de produit : Bougies cylindriques, Collection : Colorama, Famille olfactive : , Parfum : ;0;;0;0;0;0;0;1
2230531;;Bougie cylindrique 50h orange corail;30,27,67,65;7,5;1;;0;;;;;2230531;;;;3023672305317;;0;;;;;50;1;;;;;;<p>Avec son incomparable teinte mêlant rouge et orange, la <strong>bougie cylindrique orange corail</strong> apporte une touche unique à votre déco. Parce que sa couleur vive ressortira sur tout support, cette <strong>bougie décorative</strong> parsèmera votre mobilier de jolies notes acidulées ! Teintée masse, la <strong>bougie pilier</strong> a puisé à même la barrière de corail son éclat digne d’un bijou. Allumée, cette <strong>bougie d’ambiance</strong> sera encore plus envoutante…<br/> <br/> <strong>Fabriquées à la main</strong>, ces <strong>bougies orange corail</strong> sont conçues à partir de méthodes traditionnelles pour vous garantir une <strong>qualité haut de gamme</strong>. Ces <strong>bougies artisanales</strong> sont dotées d’une qualité de brûlage exceptionnelle, assurant pour chaque bougie une durée de combustion d’environ 50h, sans risque de coulure.  <br/> <br/> Pour jouer avec la densité des couleurs, créez votre patchwork de <strong>bougie cylindrique orange corail</strong> et de <a href="/65-bougies-couleurs" >bougies colorées</a>. <br/><br/> Bougie artisanale fabriquée à la main. </p>;;Bougie cylindrique 50h orange corail;Bougie cylindrique 50h orange corail;Avec son incomparable teinte, la bougie cylindrique orange corail apporte une touche unique à votre déco. Cette bougie décorative parsèmera votre mobilier de jolies notes acidulées !;bougie-cylindrique-50h-orange-corail;;;1;;2013-01-01;1;../import/couleur/colorama/fumeurs/2230531_1.jpg;0;Hauteur : 100, Diamètre : 70, Poids : 338, Durée de combustion : +/- 50, Tranche de combustion : 45 à 55 heures, Type de produit : Bougies cylindriques, Collection : Colorama, Famille olfactive : , Parfum : ;0;;0;0;0;0;0;1
2230584;;Bougie cylindrique 50h vert anis;30,27,67,65;7,5;1;;0;;;;;2230584;;;;3023672305843;;0;;;;;50;1;;;;;;<p>Clin d’œil aux sucettes à l’anis d’antan, voici la <strong>bougie cylindrique vert anis</strong>. Le coloris « confiserie » de cette <strong>bougie pilier</strong> se mariera volontiers à votre déco et vos accessoires de cuisine. Teintée masse, la <strong>bougie vert anis</strong> sera source d’éclat et de vivacité dans votre lieu de vie. Trouvez lui son emplacement idéal et cette <strong>bougie décorative</strong> distillera sa dose de couleur vitaminée quotidienne. <br/><br/> <strong>Fabriquées à la main</strong>, ces <strong>bougies vert anis</strong> sont conçues à partir de méthodes traditionnelles pour vous garantir une <strong>qualité haut de gamme</strong>. Ces <strong>bougies artisanales</strong> sont dotées d’une qualité de brûlage exceptionnelle, assurant pour chaque bougie une durée de combustion d’environ 50h, sans risque de coulure.  <br/> <br/> Pour une ambiance encore plus pop, alliez volontiers cette <strong>bougie cylindrique vert anis</strong> à toutes nos <a href="/65-bougies-couleurs" >bougies colorées</a>. <br/><br/> Bougie artisanale fabriquée à la main. </p>;;Bougie cylindrique 50h vert anis;Bougie cylindrique 50h vert anis;Clin d’œil aux sucettes à l’anis d’antan, voici la bougie cylindrique vert anis. Le coloris confiserie de cette bougie pilier se mariera volontiers à votre déco.;bougie-cylindrique-50h-vert-anis;;;1;;2013-01-01;1;../import/couleur/colorama/fumeurs/2230584_1.jpg;0;Hauteur : 100, Diamètre : 70, Poids : 338, Durée de combustion : +/- 50, Tranche de combustion : 45 à 55 heures, Type de produit : Bougies cylindriques, Collection : Colorama, Famille olfactive : , Parfum : ;0;;0;0;0;0;0;1
2230526;;Bougie cylindrique 50h turquoise;30,27,67,65;7,5;1;;0;;;;;2230526;;;;3023672305263;;0;;;;;50;1;;;;;;<p>Avec la <strong>bougie cylindrique turquoise</strong>, apportez une touche précieuse à la décoration de votre maison. Directement inspirée de la pierre ornementale d’origine turque, cette <strong>bougie décorative</strong> rappelle les eaux bleues qui bordent les pays méditerranéens. Teintée masse, la <strong>bougie cylindrique</strong> plonge votre intérieur dans un bain d’exotisme. <br/> <br/> <strong>Fabriquées à la main</strong>, ces <strong>bougies turquoise</strong> sont conçues à partir de méthodes traditionnelles pour vous garantir une <strong>qualité haut de gamme</strong>. Ces <strong>bougies artisanales</strong> sont dotées d’une qualité de brûlage exceptionnelle, assurant pour chaque bougie une durée de combustion d’environ 50h, sans risque de coulure.  <br/> <br/> Pour enrichir cette belle gamme de bleus-verts, accompagnez la <strong>bougie cylindrique turquoise</strong> d’autres modèles parmi nos <a href="/67-bougies-d-ambiance" >bougies d’ambiance</a>. <br/><br/> Bougie artisanale fabriquée à la main. </p>;;Bougie cylindrique 50h turquoise;Bougie cylindrique 50h turquoise;Avec la bougie cylindrique turquoise, apportez une touche précieuse à votre décoration. Cette bougie décorative rappelle les eaux bleues qui bordent les pays méditerranéens.;bougie-cylindrique-50h-turquoise;;;1;;2013-01-01;1;../import/couleur/colorama/fumeurs/2230526_1.jpg;0;Hauteur : 100, Diamètre : 70, Poids : 338, Durée de combustion : +/- 50, Tranche de combustion : 45 à 55 heures, Type de produit : Bougies cylindriques, Collection : Colorama, Famille olfactive : , Parfum : ;0;;0;0;0;0;0;1
2230552;;Bougie cylindrique 50h gris perle;30,27,67,65;7,5;1;;0;;;;;2230552;;;;3023672305522;;0;;;;;50;1;;;;;;<p>Faites de votre soirée un instant rare, en allumant la <strong>bougie cylindrique gris perle </strong>. Comme dans un vêtement précieux, cette <strong>bougie décorative</strong> se pare de la douceur nacrée des perles du Pacifique… Une nuance à l’élégance intemporelle, que cette <strong>bougie pilier</strong> teintée masse imprimera doucement dans chacun de vos espaces : effet assuré ! <br/><br/> <strong>Fabriquées à la main</strong>, ces <strong>bougies gris perle</strong> sont conçues à partir de méthodes traditionnelles pour vous garantir une <strong>qualité haut de gamme</strong>. Ces <strong>bougies artisanales</strong> sont dotées d’une qualité de brûlage exceptionnelle, assurant pour chaque bougie une durée de combustion d’environ 50h, sans risque de coulure.  <br/> <br/> L’instant devient précieux, en associant cette <strong>bougie cylindrique gris perle</strong> à nos plus belles <a href="/74-petites-verreries" >verreries</a>. <br/><br/> Bougie artisanale fabriquée à la main. </p>;;Bougie cylindrique 50h gris perle;Bougie cylindrique 50h gris perle;Faites de votre soirée un instant rare, en allumant la  bougie cylindrique gris perle. Comme dans un vêtement précieux, cette bougie décorative se pare de la douceur nacrée des perles du Pacifique.;bougie-cylindrique-50h-gris-perle;;;1;;2013-01-01;1;../import/couleur/colorama/fumeurs/2230552_1.jpg;0;Hauteur : 100, Diamètre : 70, Poids : 338, Durée de combustion : +/- 50, Tranche de combustion : 45 à 55 heures, Type de produit : Bougies cylindriques, Collection : Colorama, Famille olfactive : , Parfum : ;0;;0;0;0;0;0;1
2230525;;Bougie cylindrique 50h violet pensée;30,27,67,65;7,5;1;;0;;;;;2230525;;;;3023672305256;;0;;;;;50;1;;;;;;<p>Avec la <strong>bougie cylindrique violet pensée</strong>, c’est une note florale et féminine qui entre dans la maison. Teintée masse, cette <strong>bougie cylindrique</strong> s’est drapée au cœur d’une fleur de pensée, s’offrant comme un petit bouquet romantique à chaque endroit où elle se pose. Cette <strong>bougie pilier</strong> parsèmera votre intérieur de pointes de couleur tendre. Allumée, la détente sera au rendez-vous… <br/> <br/> <strong>Fabriquées à la main</strong>, ces <strong>bougies violet pensée</strong> sont conçues à partir de méthodes traditionnelles pour vous garantir une <strong>qualité haut de gamme</strong>. Ces <strong>bougies artisanales</strong> sont dotées d’une qualité de brûlage exceptionnelle, assurant pour chaque bougie une durée de combustion d’environ 50h, sans risque de coulure.  <br/> <br/> Chaque fleur trouve son écrin, en intégrant cette <strong>bougie cylindrique violet pensée</strong> à nos plus belles <a href="/74-petites-verreries" >verreries</a>. <br/><br/> Bougie artisanale fabriquée à la main. </p>;;Bougie cylindrique 50h violet pensée;Bougie cylindrique 50h violet pensée;Avec la bougie cylindrique violet pensée, une note féminine entre dans la maison. Cette bougie déco s’est drapée au cœur d’une fleur de pensée, s’offrant comme un petit bouquet à chaque endroit où elle se pose.;bougie-cylindrique-50h-violet-pensee;;;1;;2013-01-01;1;../import/couleur/colorama/fumeurs/2230525_1.jpg;0;Hauteur : 100, Diamètre : 70, Poids : 338, Durée de combustion : +/- 50, Tranche de combustion : 45 à 55 heures, Type de produit : Bougies cylindriques, Collection : Colorama, Famille olfactive : , Parfum : ;0;;0;0;0;0;0;1
2230556;;Bougie cylindrique 50h rose pivoine;30,27,67,65;7,5;1;;0;;;;;2230556;;;;3023672305560;;0;;;;;50;1;;;;;;<p>Avec la <strong>bougie cylindrique rose pivoine</strong>, retrouvez les bienfaits de cette fleur médicinale à la robe incomparable. Tout simplement éblouissante, la tonalité rose intense de cette <strong>bougie décorative</strong>, est fidèle à l’éclat des pétales veloutés de la pivoine. Teintée masse, cette <strong>bougie cylindrique</strong> vous plongera dans une peinture chinoise ou dans un jardin japonais. Délicatement posée sur une vitrine de verre, allumez la flamme romantique de cette <strong>bougie colorée</strong> et voyez la vie en rose ! <br/><br/> <strong>Fabriquées à la main</strong>, ces <strong>bougies rose pivoine</strong> sont conçues à partir de méthodes traditionnelles pour vous garantir une <strong>qualité haut de gamme</strong>. Ces <strong>bougies artisanales</strong> sont dotées d’une qualité de brûlage exceptionnelle, assurant pour chaque bougie une durée de combustion d’environ 50h, sans risque de coulure.  <br/> <br/> Complétez cette estampe, en entourant cette <strong>bougie cylindrique rose pivoine</strong> d’autres modèles parmi nos <a href="/65-bougies-couleurs" >bougies colorées</a>. <br/><br/> Bougie artisanale fabriquée à la main. </p>;;Bougie cylindrique 50h rose pivoine;Bougie cylindrique 50h rose pivoine;Tout simplement éblouissante, la tonalité rose intense de cette bougie décorative, est fidèle à l’éclat d’une pivoine. Allumez la flamme de cette bougie colorée et voyez la vie en rose !;bougie-cylindrique-50h-rose-pivoine;;;1;;2013-01-01;1;../import/couleur/colorama/fumeurs/2230556_1.jpg;0;Hauteur : 100, Diamètre : 70, Poids : 338, Durée de combustion : +/- 50, Tranche de combustion : 45 à 55 heures, Type de produit : Bougies cylindriques, Collection : Colorama, Famille olfactive : , Parfum : ;0;;0;0;0;0;0;1
2230518;;Bougie cylindrique 50h gris zinc;30,27,67,65;7,5;1;;0;;;;;2230518;;;;3023672305188;;0;;;;;50;1;;;;;;<p>La <strong>bougie cylindrique gris zinc</strong> est tout simplement sobre, moderne et élégante. Teintée masse, au coloris indémodable, cette <strong>bougie cylindrique</strong> devient, par son aspect brut et métallique, un véritable objet de décoration. Le gris profond et mystérieux de cette <strong>bougie décorative</strong> embellira votre mobilier et fera sensation ! <br/> <br/> <strong>Fabriquées à la main</strong>, ces <strong>bougies gris zinc</strong> sont conçues à partir de méthodes traditionnelles pour vous garantir une <strong>qualité haut de gamme</strong>. Ces <strong>bougies artisanales</strong> sont dotées d’une qualité de brûlage exceptionnelle, assurant pour chaque bougie une durée de combustion d’environ 50h, sans risque de coulure.  <br/> <br/> Illuminez cette <strong>bougie cylindrique gris zinc</strong> avec toutes nos <a href="/65-bougies-couleurs" >bougies colorées</a>. <br/><br/> Bougie artisanale fabriquée à la main. </p>;;Bougie cylindrique 50h gris zinc;Bougie cylindrique 50h gris zinc;La bougie cylindrique gris zinc est tout simplement sobre, moderne et élégante. Le gris profond de cette bougie décorative embellira votre mobilier et fera sensation !;bougie-cylindrique-50h-gris-zinc;;;1;;2013-01-01;1;../import/couleur/colorama/fumeurs/2230518_1.jpg;0;Hauteur : 100, Diamètre : 70, Poids : 338, Durée de combustion : +/- 50, Tranche de combustion : 45 à 55 heures, Type de produit : Bougies cylindriques, Collection : Colorama, Famille olfactive : , Parfum : ;0;;0;0;0;0;0;1
2230587;;Bougie cylindrique 50h rouge Noël;30,27,67,65;7,5;1;;0;;;;;2230587;;;;3023672305874;;0;;;;;50;1;;;;;;<p>Et si c’était Noël toute l’année ? Parce qu’allumer la <strong>bougie cylindrique rouge Noël</strong> devient à chaque fois un instant de fête, illuminez votre séjour dès que l’occasion se présente. Teintée masse, cette <strong>bougie décorative</strong> diffuse où qu’elle se trouve son esprit tantôt féérique, tantôt glamour. Associez la couleur de la <strong>bougie cylindrique</strong> à tous vos moments de plaisir et de joie <br/> <br/> <strong>Fabriquées à la main</strong>, ces <strong>bougies rouge Noël</strong> sont conçues à partir de méthodes traditionnelles pour vous garantir une <strong>qualité haut de gamme</strong>. Ces <strong>bougies artisanales</strong> sont dotées d’une qualité de brûlage exceptionnelle, assurant pour chaque bougie une durée de combustion d’environ 50h, sans risque de coulure.  <br/> <br/> Festif ou romantique, à chaque événement la <strong>bougie cylindrique rouge Noël</strong> peut se décliner avec toutes nos <a href="/65-bougies-couleurs" >bougies colorées</a>.<br/><br/> Bougie artisanale fabriquée à la main. </p>;;Bougie cylindrique 50h rouge Noël;Bougie cylindrique 50h rouge Noël;Cette bougie décorative diffuse où qu’elle se trouve son esprit tantôt féérique, tantôt glamour. Associez la couleur de la bougie rouge à tous vos moments de plaisir et de joie.;bougie-cylindrique-50h-rouge-noel;;;1;;2013-01-01;1;../import/couleur/colorama/fumeurs/2230587_1.jpg;0;Hauteur : 100, Diamètre : 70, Poids : 338, Durée de combustion : +/- 50, Tranche de combustion : 45 à 55 heures, Type de produit : Bougies cylindriques, Collection : Colorama, Famille olfactive : , Parfum : ;0;;0;0;0;0;0;1
2230649;;Bougie cylindrique 75h noir;30,27,67,65;9,17;1;;0;;;;;2230649;;;;3,02E+012;;0;;;;;50;1;;;;;;<p>Parce que le noir habille en un instant, craquez pour la <strong>bougie cylindrique noire</strong>. Cette <strong>bougie pilier</strong> se distingue par son allure racée. Teintée masse, cette <strong>bougie cylindrique</strong> adopte un coloris qui s’intégrera à chacun des style déco. En restant dans des tons basiques ou en y associant une pointe de couleur, la <strong>bougie noire</strong> vous accompagne pour des soirées ultra tendances. <br/> <br/> <strong>Fabriquées à la main</strong>, ces <strong>bougies noires</strong> sont conçues à partir de méthodes traditionnelles pour vous garantir une <strong>qualité haut de gamme</strong>. Ces <strong>bougies artisanales</strong> sont dotées d’une qualité de brûlage exceptionnelle, assurant une durée de combustion d’environ 75h, sans risque de coulure. <br/> <br/> Vous êtes adeptes du noir&blanc, alors mariez cette <strong>bougie noire</strong> à la <a href="/2230601-bougie-cylindrique-75h-blanc" >bougie cylindrique blanche 75h</a>. <br/><br/> Bougie artisanale fabriquée à la main. </p>;;Bougie cylindrique 75h noir;Bougie cylindrique 75h noir;Parce que le noir habille en un instant, craquez pour la bougie cylindrique noire. En restant dans des tons basiques ou en y associant une pointe de couleur, la bougie noire accompagne vos soirées tendances.;bougie-cylindrique-75h-noir;;;1;;2013-01-01;1;../import/couleur/colorama/fumeurs/2230649_1.jpg;0;Hauteur : 150, Diamètre : 70, Poids : 517, Durée de combustion : +/- 75, Tranche de combustion : 55 à 75 heures, Type de produit : Bougies cylindriques, Collection : Colorama, Famille olfactive : , Parfum : ;0;;0;0;0;0;0;1
2230601;;Bougie cylindrique 75h blanc;30,27,67,65;9,17;1;;0;;;;;2230601;;;;3023672306017;;0;;;;;50;1;;;;;;<p>Symbole de pureté, la blancheur éclatante de la <strong> bougie cylindrique blanche </strong> apporte à elle seule une belle touche de luminosité dans votre maison. Teintée masse, cette <strong>bougie cylindrique</strong> aux lignes élégantes attire l’œil et capte la lumière. Allumée, elle crée immédiatement une atmosphère intimiste et apaisante. Le coloris classique de cette <strong>bougie blanche</strong> trouvera aisément une place de choix, quel que soit votre mobilier. <br/><br/> <strong>Fabriquées à la main</strong>, ces <strong>bougies blanches</strong> sont conçues à partir de méthodes traditionnelles pour vous garantir une <strong>qualité haut de gamme</strong>. Ces <strong>bougies artisanales</strong> sont dotées d’une qualité de brûlage exceptionnelle, assurant une durée de combustion d’environ 75h, sans risque de coulure.  <br/> <br/> Pour la mettre encore plus en valeur, jouez sur les contrastes en associant cette <strong>bougie blanche</strong> à la <a href="/2230649-bougie-cylindrique-75h-noir" >bougie cylindrique noire 75h</a>. <br/><br/> Bougie artisanale fabriquée à la main. </p>;;Bougie cylindrique 75h blanc;Bougie cylindrique 75h blanc;Symbole de pureté, la blancheur de la  bougie cylindrique blanche apporte à elle seule une belle touche de luminosité. Cette bougie cylindrique aux lignes élégantes attire l’œil et capte la lumière.;bougie-cylindrique-75h-blanc;;;1;;2013-01-01;1;../import/couleur/colorama/fumeurs/2230601_1.jpg;0;Hauteur : 150, Diamètre : 70, Poids : 517, Durée de combustion : +/- 75, Tranche de combustion : 55 à 75 heures, Type de produit : Bougies cylindriques, Collection : Colorama, Famille olfactive : , Parfum : ;0;;0;0;0;0;0;1
2230602;;Bougie cylindrique 75h ivoire;30,27,67,65;9,17;1;;0;;;;;2230602;;;;3023672306024;;0;;;;;50;1;;;;;;<p>Si un soupçon de crème illumine votre peau, il en est de même pour cette <strong>bougie cylindrique ivoire</strong>. Classique et intemporelle, la tonalité de la <strong>bougie ivoire</strong> teintée masse participe à chaque style de vie. Cette <strong>bougie pilier</strong> devient alors un accessoire sobre, lumineux, incontournable. <br/> <br/> <strong>Fabriquées à la main</strong>, ces <strong>bougies ivoires</strong> sont conçues à partir de méthodes traditionnelles pour vous garantir une <strong>qualité haut de gamme</strong>. Ces <strong>bougies artisanales</strong> sont dotées d’une qualité de brûlage exceptionnelle, assurant une durée de combustion d’environ 75h, sans risque de coulure.  <br/> <br/> Enrichissez cette source d’apaisement en complétant la <strong>bougie cylindrique ivoire</strong> avec toutes nos <a href="/ 67-bougies-d-ambiance " >bougies d’ambiance</a>. <br/><br/> Bougie artisanale fabriquée à la main. </p>;;Bougie cylindrique 75h ivoire ;Bougie cylindrique 75h ivoire ;Si un soupçon de crème illumine votre peau, il en est de même pour cette bougie cylindrique ivoire. Intemporelle, la bougie ivoire devient un accessoire déco incontournable.;bougie-cylindrique-75h-ivoire;;;1;;2013-01-01;1;../import/couleur/colorama/fumeurs/2230602_1.jpg;0;Hauteur : 150, Diamètre : 70, Poids : 517, Durée de combustion : +/- 75, Tranche de combustion : 55 à 75 heures, Type de produit : Bougies cylindriques, Collection : Colorama, Famille olfactive : , Parfum : ;0;;0;0;0;0;0;1
2230614;;Bougie cylindrique 75h taupe;30,27,67,65;9,17;1;;0;;;;;2230614;;;;3023672306147;;0;;;;;50;1;;;;;;<p>Ne passez pas à côté de cette teinte ultra tendance ! Synonyme de douceur et de confort, la <strong>bougie cylindrique taupe</strong> vous emmène dans un monde chaleureux et reposant. D’inspiration naturelle, cette <strong>bougie pilier</strong> se pare de subtiles nuances terreuses. Teintée masse, la <strong>bougie cylindrique</strong> s’associe aux <a href="/2230501-bougie-cylindrique-50h-blanc " >bougies cylindriques blanches</a> et <a href="/2230502-bougie-cylindrique-50h-ivoire " >bougies cylindriques ivoires</a> pour laisser de vos plus belles soirées un souvenir plein de sérénité. <br/> <br/> <strong>Fabriquées à la main</strong>, ces <strong>bougies taupe</strong> sont conçues à partir de méthodes traditionnelles pour vous garantir une <strong>qualité haut de gamme</strong>. Ces <strong>bougies artisanales</strong> sont dotées d’une qualité de brûlage exceptionnelle, assurant une durée de combustion d’environ 75h, sans risque de coulure.  <br/> <br/> Utilisez également ces <strong>bougies cylindriques taupe</strong> accompagnées notre plus belles <a href="/2452455-cloche-parfumeur-verre-20cm" > cloche en verre </a>. <br/><br/> Bougie artisanale fabriquée à la main. </p>;;Bougie cylindrique 75h taupe;Bougie cylindrique 75h taupe;Synonyme de douceur, la bougie cylindrique taupe vous emmène dans un monde reposant. D’inspiration naturelle, cette bougie pilier se pare de subtiles nuances terreuses.;bougie-cylindrique-75h-taupe;;;1;;2013-01-01;1;../import/couleur/colorama/fumeurs/2230614_1.jpg;0;Hauteur : 150, Diamètre : 70, Poids : 517, Durée de combustion : +/- 75, Tranche de combustion : 55 à 75 heures, Type de produit : Bougies cylindriques, Collection : Colorama, Famille olfactive : , Parfum : ;0;;0;0;0;0;0;1
2230631;;Bougie cylindrique 75h orange corail;30,27,67,65;9,17;1;;0;;;;;2230631;;;;3023672306314;;0;;;;;50;1;;;;;;<p>Il est des couleurs pleines de vitalité. Celle de la <strong>bougie cylindrique orange corail</strong> accroche le regard et réveille les sens. Bien en évidence sur un meuble, ou intégrée à vos objets de tous les jours, cette <strong>bougie décorative</strong> stimulera votre décoration par ses jolies touches acidulées ! Teintée masse, cette <strong>bougie pilier</strong> s’offre comme un souvenir de vacances au bord d’une mer de corail. <br/> <br/> <strong>Fabriquées à la main</strong>, ces <strong>bougies orange corail</strong> sont conçues à partir de méthodes traditionnelles pour vous garantir une <strong>qualité haut de gamme</strong>. Ces <strong>bougies artisanales</strong> sont dotées d’une qualité de brûlage exceptionnelle, assurant une durée de combustion d’environ 75h, sans risque de coulure.  <br/> <br/> Pour un cocktail vitaminé, mixez les formes et les couleurs en associant cette <strong>bougie cylindrique orange corail</strong> à toutes nos <a href="/65-bougies-couleurs" >bougies colorées</a>. <br/><br/> Bougie artisanale fabriquée à la main. </p>;;Bougie cylindrique 75h orange corail;Bougie cylindrique 75h orange corail;Il est des couleurs pleines de vitalité. Celle de la bougie cylindrique orange corail accroche le regard et réveille les sens. Cette  bougie décorative stimulera votre décoration par ses jolies touches acidulées !;bougie-cylindrique-75h-orange-corail;;;1;;2013-01-01;1;../import/couleur/colorama/fumeurs/2230631_1.jpg;0;Hauteur : 150, Diamètre : 70, Poids : 517, Durée de combustion : +/- 75, Tranche de combustion : 55 à 75 heures, Type de produit : Bougies cylindriques, Collection : Colorama, Famille olfactive : , Parfum : ;0;;0;0;0;0;0;1
2230684;;Bougie cylindrique 75h vert anis;30,27,67,65;9,17;1;;0;;;;;2230684;;;;3023672306840;;0;;;;;50;1;;;;;;<p>Fidèle au coloris vert de cette plante condimentaire, la <strong>bougie cylindrique vert anis</strong> est un atout fraîcheur dans votre intérieur. Légèrement acidulé, le ton de cette <strong>bougie pilier</strong> prendra place naturellement sur une étagère ou un îlot de cuisine. Teintée masse, la <strong>bougie vert anis</strong> vous apportera son petit grain de peps tout au long de la journée. <br/><br/> <strong>Fabriquées à la main</strong>, ces <strong>bougies vert anis</strong> sont conçues à partir de méthodes traditionnelles pour vous garantir une <strong>qualité haut de gamme</strong>. Ces <strong>bougies artisanales</strong> sont dotées d’une qualité de brûlage exceptionnelle, assurant une durée de combustion d’environ 75h, sans risque de coulure.  <br/> <br/> Comme on mélange des épices, mixez les formes et les couleurs en associant cette <strong>bougie cylindrique vert anis</strong> à toutes nos <a href="/65-bougies-couleurs" >bougies colorées</a>. <br/><br/> Bougie artisanale fabriquée à la main. </p>;;Bougie cylindrique 75h vert anis;Bougie cylindrique 75h vert anis;La bougie cylindrique vert anis est un atout fraîcheur dans votre intérieur. Légèrement acidulé, le ton de cette bougie pilier prendra place naturellement sur une étagère ou un îlot de cuisine.;bougie-cylindrique-75h-vert-anis;;;1;;2013-01-01;1;../import/couleur/colorama/fumeurs/2230684_1.jpg;0;Hauteur : 150, Diamètre : 70, Poids : 517, Durée de combustion : +/- 75, Tranche de combustion : 55 à 75 heures, Type de produit : Bougies cylindriques, Collection : Colorama, Famille olfactive : , Parfum : ;0;;0;0;0;0;0;1
2230626;;Bougie cylindrique 75h turquoise;30,27,67,65;9,17;1;;0;;;;;2230626;;;;3023672306260;;0;;;;;50;1;;;;;;<p>Avec la <strong>bougie cylindrique turquoise</strong>, imaginez-vous abordant les eaux pures et cristallines d’une mer des tropiques. La teinte évocatrice de cette <strong>bougie décorative</strong> appelle au farniente, à la détente. Teintée masse, cette <strong>bougie cylindrique</strong> trouvera sa place sur votre buffet, parmi les coquillages et petits galets tout juste ramenés de vacances. Allumée, cette bougie sera un vrai rayon de soleil. <br/> <br/> <strong>Fabriquées à la main</strong>, ces <strong>bougies turquoise</strong> sont conçues à partir de méthodes traditionnelles pour vous garantir une <strong>qualité haut de gamme</strong>. Ces <strong>bougies artisanales</strong> sont dotées d’une qualité de brûlage exceptionnelle, assurant une durée de combustion d’environ 75h, sans risque de coulure.  <br/> <br/> Pour garder l’esprit en voyage, vous pouvez coordonner cette <strong>bougie cylindrique turquoise</strong> à toutes nos <a href="/67-bougies-d-ambiance" >bougies d’ambiance</a>. <br/><br/> Bougie artisanale fabriquée à la main. </p>;;Bougie cylindrique 75h turquoise;Bougie cylindrique 75h turquoise;Avec la bougie cylindrique turquoise, imaginez-vous abordant les eaux d’une mer des tropiques. La teinte de cette bougie décorative appelle au farniente, à la détente.;bougie-cylindrique-75h-turquoise;;;1;;2013-01-01;1;../import/couleur/colorama/fumeurs/2230626_1.jpg;0;Hauteur : 150, Diamètre : 70, Poids : 517, Durée de combustion : +/- 75, Tranche de combustion : 55 à 75 heures, Type de produit : Bougies cylindriques, Collection : Colorama, Famille olfactive : , Parfum : ;0;;0;0;0;0;0;1
2230652;;Bougie cylindrique 75h gris perle;30,27,67,65;9,17;1;;0;;;;;2230652;;;;3,02E+012;;0;;;;;50;1;;;;;;<p>On dit que le gris résulte du mélange de toutes les couleurs… Alors la <strong>bougie cylindrique gris perle </strong> sera parfaite pour donner de l’éclat à votre demeure. Moderne en apparence, la robe élégante de cette <strong>bougie décorative</strong> emprunte ses reflets nacrés aux perles du Pacifique… Une tonalité qui a traversé les âges, et qui confère à cette <strong>bougie pilier</strong>, teintée masse, une place de choix dans votre aménagement. <br/><br/> <strong>Fabriquées à la main</strong>, ces <strong>bougies gris perle</strong> sont conçues à partir de méthodes traditionnelles pour vous garantir une <strong>qualité haut de gamme</strong>. Ces <strong>bougies artisanales</strong> sont dotées d’une qualité de brûlage exceptionnelle, assurant une durée de combustion d’environ 75h, sans risque de coulure.  <br/> <br/> Pour une petite touche de luxe, trouvez l’écrin de la <strong>bougie cylindrique gris perle</strong> parmi nos plus belles <a href="/2452455-cloche-parfumeur-verre-20cm" >cloche en verre</a>.<br/><br/> Bougie artisanale fabriquée à la main. </p>;;Bougie cylindrique 75h gris perle;Bougie cylindrique 75h gris perle;La bougie cylindrique gris perle sera parfaite pour donner de l’éclat à votre demeure. Une tonalité qui a traversé les âges, et qui confère à cette bougie pilier, une place de choix dans votre aménagement.;bougie-cylindrique-75h-gris-perle;;;1;;2013-01-01;1;../import/couleur/colorama/fumeurs/2230652_1.jpg;0;Hauteur : 150, Diamètre : 70, Poids : 517, Durée de combustion : +/- 75, Tranche de combustion : 55 à 75 heures, Type de produit : Bougies cylindriques, Collection : Colorama, Famille olfactive : , Parfum : ;0;;0;0;0;0;0;1
2230625;;Bougie cylindrique 75h violet pensée;30,27,67,65;9,17;1;;0;;;;;2230625;;;;3023672306253;;0;;;;;50;1;;;;;;<p>En hommage à cette petite plante dont le nom varie suivant le positionnement de ses pétales, « violette » ou « pensée », la <strong>bougie cylindrique violet pensée</strong>, s’offre comme un bouquet de féminité. Teintée masse, cette <strong>bougie cylindrique</strong> respecte les délicates tonalités de la fleur pour apporter gage de tendresse et de romantisme à votre décoration. Simplement allumée sur une table de salon, la <strong>bougie pilier</strong> créera une ambiance tamisée qui vous ressemble… <br/> <br/> <strong>Fabriquées à la main</strong>, ces <strong>bougies violet pensée</strong> sont conçues à partir de méthodes traditionnelles pour vous garantir une <strong>qualité haut de gamme</strong>. Ces <strong>bougies artisanales</strong> sont dotées d’une qualité de brûlage exceptionnelle, assurant une durée de combustion d’environ 75h, sans risque de coulure.  <br/> <br/> Un vase pour ce bouquet ? Glissez la <strong>bougie cylindrique violet pensée</strong> dans l’une de nos plus belles <a href="/2452455-cloche-parfumeur-verre-20cm" >cloche en verre</a>. <br/><br/> Bougie artisanale fabriquée à la main. </p>;;Bougie cylindrique 75h violet pensée;Bougie cylindrique 75h violet pensée;La bougie cylindrique violet pensée s’offre comme un bouquet de féminité. Cette bougie cylindrique se pare de tonalités délicates pour apporter une pointe de tendresse à votre décoration.;bougie-cylindrique-75h-violet-pensee;;;1;;2013-01-01;1;../import/couleur/colorama/fumeurs/2230625_1.jpg;0;Hauteur : 150, Diamètre : 70, Poids : 517, Durée de combustion : +/- 75, Tranche de combustion : 55 à 75 heures, Type de produit : Bougies cylindriques, Collection : Colorama, Famille olfactive : , Parfum : ;0;;0;0;0;0;0;1
2230656;;Bougie cylindrique 75h rose pivoine;30,27,67,65;9,17;1;;0;;;;;2230656;;;;3023672306567;;0;;;;;50;1;;;;;;<p>Pour « rosir » de plaisir, la <strong>bougie cylindrique rose pivoine</strong>, est l’atout cœur de votre déco intérieure. Tout simplement palpitante, la tonalité rose intense de cette <strong>bougie décorative</strong> puise son éclat au cœur d’une fleur de pivoine. Teintée masse, cette <strong>bougie cylindrique</strong> vous plongera dans un tableau floral et féminin. Une fois pris place dans votre vie, cette <strong>bougie colorée</strong> risque de vous la faire voir en rose ! <br/><br/> <strong>Fabriquées à la main</strong>, ces <strong>bougies rose pivoine</strong> sont conçues à partir de méthodes traditionnelles pour vous garantir une <strong>qualité haut de gamme</strong>. Ces <strong>bougies artisanales</strong> sont dotées d’une qualité de brûlage exceptionnelle, assurant une durée de combustion d’environ 75h, sans risque de coulure.  <br/> <br/> Et pour que la vie change de couleur, élargissez la gamme en mariant la <strong>bougie cylindrique rose pivoine</strong> à toutes nos <a href="/65-bougies-couleurs" >bougies colorées</a>. <br/><br/> Bougie artisanale fabriquée à la main. </p>;;Bougie cylindrique 75h rose pivoine;Bougie cylindrique 75h rose pivoine;Pour rosir de plaisir, la bougie cylindrique rose pivoine, est l’atout cœur de votre déco. Tout simplement palpitante, cette bougie décorative puise son éclat au cœur d’une fleur de pivoine.;bougie-cylindrique-75h-rose-pivoine;;;1;;2013-01-01;1;../import/couleur/colorama/fumeurs/2230656_1.jpg;0;Hauteur : 150, Diamètre : 70, Poids : 517, Durée de combustion : +/- 75, Tranche de combustion : 55 à 75 heures, Type de produit : Bougies cylindriques, Collection : Colorama, Famille olfactive : , Parfum : ;0;;0;0;0;0;0;1
2230618;;Bougie cylindrique 75h gris zinc;30,27,67,65;9,17;1;;0;;;;;2230618;;;;3023672306185;;0;;;;;50;1;;;;;;<p>Soyez galvanisé par l’élégance de la <strong>bougie cylindrique gris zinc</strong> et adoptez sa nuance sobre et moderne. Teintée masse, cette <strong>bougie cylindrique</strong> vous rappelle alors de beaux yeux gris, un regard profond et mystérieux. Indémodable, le coloris de cette <strong>bougie décorative</strong> s’insèrera aux aménagements même les plus contemporains !<br/> <br/> <strong>Fabriquées à la main</strong>, ces <strong>bougies gris zinc</strong> sont conçues à partir de méthodes traditionnelles pour vous garantir une <strong>qualité haut de gamme</strong>. Ces <strong>bougies artisanales</strong> sont dotées d’une qualité de brûlage exceptionnelle, assurant une durée de combustion d’environ 75h, sans risque de coulure.  <br/> <br/> Osez confronter l’aspect métal de la <strong>bougie cylindrique gris zinc</strong> à la chaleur de toutes nos <a href="/65-bougies-couleurs" >bougies colorées</a>. <br/><br/> Bougie artisanale fabriquée à la main. </p>;;Bougie cylindrique 75h gris zinc;Bougie cylindrique 75h gris zinc;Soyez galvanisé par l’élégance de la bougie cylindrique gris zinc et adoptez sa nuance sobre et moderne. Indémodable, cette bougie décorative s’insèrera aux intérieurs les plus contemporains !;bougie-cylindrique-75h-gris-zinc;;;1;;2013-01-01;1;../import/couleur/colorama/fumeurs/2230618_1.jpg;0;Hauteur : 150, Diamètre : 70, Poids : 517, Durée de combustion : +/- 75, Tranche de combustion : 55 à 75 heures, Type de produit : Bougies cylindriques, Collection : Colorama, Famille olfactive : , Parfum : ;0;;0;0;0;0;0;1
2230687;;Bougie cylindrique 75h rouge Noël;30,27,67,65;9,17;1;;0;;;;;2230687;;;;3023672306871;;0;;;;;50;1;;;;;;<p>Une fête improvisée ? La <strong>bougie cylindrique rouge Noël</strong> allumera instantanément la soirée de sa couleur chatoyante. Teintée masse, cette <strong>bougie décorative</strong> trône sur un guéridon et nourrit l’esprit festif tout au long de la nuit. Pour partager un moment plus feutré et romantique, la tonalité de cette <strong>bougie cylindrique</strong> saura de faire plus glamour… br/> <br/> <strong>Fabriquées à la main</strong>, ces <strong>bougies rouge Noël</strong> sont conçues à partir de méthodes traditionnelles pour vous garantir une <strong>qualité haut de gamme</strong>. Ces <strong>bougies artisanales</strong> sont dotées d’une qualité de brûlage exceptionnelle, assurant une durée de combustion d’environ 75h, sans risque de coulure.  <br/> <br/> En toute occasion, la <strong>bougie cylindrique rouge Noël</strong> se complète avec toutes nos <a href="/65-bougies-couleurs" >bougies colorées</a>.<br/><br/> <br/><br/> Bougie artisanale fabriquée à la main. </p>;;Bougie cylindrique 75h rouge Noël;Bougie cylindrique 75h rouge Noël;Une fête improvisée ? La bougie cylindrique rouge Noël allumera instantanément la soirée. Cette bougie décorative trône sur un guéridon et nourrit l’esprit festif tout au long de la nuit.;bougie-cylindrique-75h-rouge-noel;;;1;;2013-01-01;1;../import/couleur/colorama/fumeurs/2230687_1.jpg;0;Hauteur : 150, Diamètre : 70, Poids : 517, Durée de combustion : +/- 75, Tranche de combustion : 55 à 75 heures, Type de produit : Bougies cylindriques, Collection : Colorama, Famille olfactive : , Parfum : ;0;;0;0;0;0;0;1
2230349;;Bougie cylindrique 125h noir;30,27,67,65;13,33;1;;0;;;;;2230349;;;;3023672303498;;0;;;;;50;1;;;;;;<p>Illuminez vos soirées avec la <strong>bougie cylindrique noire</strong>. Cette <strong>bougie pilier</strong> joue la carte du chic et de l’élégance. Teintée masse, la <strong>bougie cylindrique</strong> adopte un coloris contemporain qui apportera une touche de modernité dans votre intérieur. Associez-la à une pointe de couleur pour rehausser son style et faire de cette <strong>bougie noire</strong> un accessoire de décoration ultra tendance. <br/> <br/> <strong>Fabriquées à la main</strong>, ces <strong>bougies noires</strong> sont conçues à partir de méthodes traditionnelles pour vous garantir une <strong>qualité haut de gamme</strong>. Ces <strong>bougies artisanales</strong> sont dotées d’une qualité de brûlage exceptionnelle, assurant une durée de combustion d’environ 125h, sans risque de coulure. <br/> <br/> Pour une décoration encore plus élégante, jouez sur les contrastes en alliant cette <strong>bougie noire</strong> à la <a href="/2230301-bougie-cylindrique-125h-blanc " >bougie cylindrique blanche 125h</a>. <br/><br/> Bougie artisanale fabriquée à la main. </p>;;Bougie cylindrique 125h noir;Bougie cylindrique 125h noir;La bougie cylindrique apportera une touche de modernité dans votre intérieur. Associez-la à une pointe de couleur pour rehausser son style et faire de cette bougie noire un accessoire de décoration ultra tendance.;bougie-cylindrique-125h-noir;;;1;;2013-01-01;1;../import/couleur/colorama/fumeurs/2230349_1.jpg;0;Hauteur : 200, Diamètre : 80, Poids : 902, Durée de combustion : +/- 125, Tranche de combustion : 100 heures et plus, Type de produit : Bougies cylindriques, Collection : Colorama, Famille olfactive : , Parfum : ;0;;0;0;0;0;0;1
2230301;;Bougie cylindrique 125h blanc;30,27,67,65;13,33;1;;0;;;;;2230301;;;;3023672303016;;0;;;;;50;1;;;;;;<p>Simplement déposée sur votre table basse ou sur votre buffet, la <strong> bougie cylindrique blanche </strong> revêt un blanc éclatant pour apporter une belle touche de luminosité dans votre maison. Teintée masse, cette <strong>bougie cylindrique</strong> vous assure une ambiance intimiste chic et raffinée. Au coloris classique, cette <strong>bougie blanche</strong> se marie à tous les styles et s’intégrera parfaitement à votre décoration. <br/><br/> <strong>Fabriquées à la main</strong>, les <strong>bougies blanches</strong> sont réalisées à partir de méthodes traditionnelles, garantes d’une <strong>qualité haut de gamme</strong>. Ces <strong>bougies artisanales</strong> bénéficient d’une qualité de brûlage exceptionnelle pour une durée de combustion d’environ 125h, tout en évitant les coulures.  <br/> <br/> Osez l’opposition, tout en restant très classique, en complétant cette <strong>bougie blanche</strong> avec la <a href="/2230349-bougie-cylindrique-125h-noir" >bougie cylindrique noire 125h</a>. <br/><br/> Bougie artisanale fabriquée à la main. </p>;;Bougie cylindrique 125h blanc;Bougie cylindrique 125h blanc;Simplement déposée sur votre table basse, la  bougie cylindrique blanche revêt un blanc éclatant pour apporter une belle touche de luminosité. Cette bougie cylindrique vous assure une ambiance intimiste raffinée.;bougie-cylindrique-125h-blanc;;;1;;2013-01-01;1;../import/couleur/colorama/fumeurs/2230301_1.jpg;0;Hauteur : 200, Diamètre : 80, Poids : 902, Durée de combustion : +/- 125, Tranche de combustion : 100 heures et plus, Type de produit : Bougies cylindriques, Collection : Colorama, Famille olfactive : , Parfum : ;0;;0;0;0;0;0;1
2230302;;Bougie cylindrique 125h ivoire;30,27,67,65;13,33;1;;0;;;;;2230302;;;;3023672303023;;0;;;;;50;1;;;;;;<p>Parfaite pour donner de l’éclat à la nuit qui s’annonce, la <strong>bougie cylindrique ivoire</strong> se pare d’un soupçon de crème, révélant des tonalités lumineuses, sobres et élégantes. Classique et intemporelle, cette <strong>bougie ivoire</strong> teintée masse s’intègre à toutes les modes. Ornant une console ou simplement déposée sur une table de salon, cette <strong>bougie pilier</strong> devient un accessoire de décoration incontournable pour une ambiance des plus feutrées. <br/> <br/> <strong>Fabriquées à la main</strong>, ces <strong>bougies ivoires</strong> sont conçues à partir de méthodes traditionnelles pour vous garantir une <strong>qualité haut de gamme</strong>. Ces <strong>bougies artisanales</strong> sont dotées d’une qualité de brûlage exceptionnelle, assurant une durée de combustion d’environ 125h, sans risque de coulure.  <br/> <br/> Mixez les formes et les couleurs en mêlant cette <strong>bougie cylindrique ivoire</strong> à toutes nos <a href="/65-bougies-couleurs" >bougies de couleur</a>. <br/><br/> Bougie artisanale fabriquée à la main. </p>;;Bougie cylindrique 125h ivoire ;Bougie cylindrique 125h ivoire ;Parfaite pour donner de l’éclat à la nuit qui s’annonce, la bougie cylindrique ivoire se pare d’un soupçon de crème. Classique et intemporelle, cette bougie ivoire teintée masse s’intègre à toutes les modes.;bougie-cylindrique-125h-ivoire;;;1;;2013-01-01;1;../import/couleur/colorama/fumeurs/2230302_1.jpg;0;Hauteur : 200, Diamètre : 80, Poids : 902, Durée de combustion : +/- 125, Tranche de combustion : 100 heures et plus, Type de produit : Bougies cylindriques, Collection : Colorama, Famille olfactive : , Parfum : ;0;;0;0;0;0;0;1
2230314;;Bougie cylindrique 125h taupe;30,27,67,65;13,33;1;;0;;;;;2230314;;;;3023672303146;;0;;;;;50;1;;;;;;<p>La <strong>bougie cylindrique taupe</strong> est la note déco complice d’une ambiance chaleureuse et reposante. Aux tonalités naturelles, intemporelles et douces, cette <strong>bougie pilier</strong> possède de subtiles nuances terreuses. Teintée masse, cette <strong>bougie cylindrique</strong> accordée aux <a href="/fr/2230301-bougie-cylindrique-125h-blanc" >bougies cylindriques blanches</a> et aux <a href="/fr/2230302-bougie-cylindrique-125h-ivoire" >bougies cylindriques ivoires</a> éclairera vos plus belles soirées d’une atmosphère pleine de sérénité. <br/> <br/> <strong>Fabriquées à la main</strong>, ces <strong>bougies taupe</strong> sont conçues à partir de méthodes traditionnelles pour vous garantir une <strong>qualité haut de gamme</strong>. Ces <strong>bougies artisanales</strong> sont dotées d’une qualité de brûlage exceptionnelle, assurant une durée de combustion d’environ 125h, sans risque de coulure.  <br/> <br/> Pour plus de luminosité, joignez ces <strong>bougies cylindriques taupe</strong> à toutes nos <a href="/fr/2230301-bougie-cylindrique-125h-blanc " >bougie cylindrique blanche 125h</a>.<br/><br/> Bougie artisanale fabriquée à la main. </p>;;Bougie cylindrique 125h taupe;Bougie cylindrique 125h taupe;La bougie cylindrique taupe est la note déco complice d’une ambiance chaleureuse et reposante. Cette bougie cylindrique accordée au blanc éclairera vos soirées d’une atmosphère pleine de sérénité.;bougie-cylindrique-125h-taupe;;;1;;2013-01-01;1;../import/couleur/colorama/fumeurs/2230314_1.jpg;0;Hauteur : 200, Diamètre : 80, Poids : 902, Durée de combustion : +/- 125, Tranche de combustion : 100 heures et plus, Type de produit : Bougies cylindriques, Collection : Colorama, Famille olfactive : , Parfum : ;0;;0;0;0;0;0;1
2230331;;Bougie cylindrique 125h orange corail;30,27,67,65;13,33;1;;0;;;;;2230331;;;;3023672303313;;0;;;;;50;1;;;;;;<p>Apportant une touche de couleur vitaminée, la <strong>bougie cylindrique orange corail</strong> est l’atout pour illuminer votre déco. Une fois trouvé sa place dans votre séjour, cette <strong>bougie décorative</strong> sèmera dans votre intérieur ses jolies notes acidulées ! Teintée masse, la <strong>bougie pilier</strong> puise son éclat dans les fonds d’une mer de corail pour stimuler les tons de votre maison. Allumée, cette <strong>bougie d’ambiance</strong> vous plongera dans un environnement très cosy… <br/> <br/> <strong>Fabriquées à la main</strong>, ces <strong>bougies orange corail</strong> sont conçues à partir de méthodes traditionnelles pour vous garantir une <strong>qualité haut de gamme</strong>. Ces <strong>bougies artisanales</strong> sont dotées d’une qualité de brûlage exceptionnelle, assurant une durée de combustion d’environ 125h, sans risque de coulure.  <br/> <br/> Donnez libre cours à votre imagination, et mixez les formes et les couleurs en coordonnant cette <strong>bougie cylindrique orange corail</strong> à toutes nos <a href="/67-bougies-d-ambiance" >bougies d’ambiance colorées </a>. <br/><br/> Bougie artisanale fabriquée à la main. </p>;;Bougie cylindrique 125h orange corail;Bougie cylindrique 125h orange corail;D’une couleur vitaminée, la bougie cylindrique orange corail est l’atout pour illuminer votre déco. Une fois sa place trouvée, cette bougie décorative sèmera de jolies notes acidulées !;bougie-cylindrique-125h-orange-corail;;;1;;2013-01-01;1;../import/couleur/colorama/fumeurs/2230331_1.jpg;0;Hauteur : 200, Diamètre : 80, Poids : 902, Durée de combustion : +/- 125, Tranche de combustion : 100 heures et plus, Type de produit : Bougies cylindriques, Collection : Colorama, Famille olfactive : , Parfum : ;0;;0;0;0;0;0;1
2230384;;Bougie cylindrique 125h vert anis;30,27,67,65;13,33;1;;0;;;;;2230384;;;;3023672303849;;0;;;;;50;1;;;;;;<p>Enrichissez votre intérieur d’une palette éclatante avec la <strong>bougie cylindrique vert anis</strong>. Au coloris acidulé, cette <strong>bougie pilier</strong> est le détail déco qui finalise un aménagement plein de vitalité. Teintée masse, la <strong>bougie vert anis</strong> placée sur un bar ou un îlot de cuisine, apportera une bonne dose de peps et de fraîcheur dans votre maison.<br/><br/> <strong>Fabriquées à la main</strong>, ces <strong>bougies vert anis</strong> sont conçues à partir de méthodes traditionnelles pour vous garantir une <strong>qualité haut de gamme</strong>. Ces <strong>bougies artisanales</strong> sont dotées d’une qualité de brûlage exceptionnelle, assurant une durée de combustion d’environ 125h, sans risque de coulure.  <br/> <br/> Les teintes vives vous inspirent : harmonisez  formes et couleurs en ajoutant cette <strong>bougie cylindrique vert anis</strong> à toutes nos <a href="/67-bougies-d-ambiance" >bougies d’ambiance colorées</a>. <br/><br/> Bougie artisanale fabriquée à la main. </p>;;Bougie cylindrique 125h vert anis;Bougie cylindrique 125h vert anis;Enrichissez votre intérieur d’une palette éclatante avec la bougie cylindrique vert anis. Au coloris acidulé, cette bougie pilier est le détail déco qui finalise un aménagement plein de vitalité.;bougie-cylindrique-125h-vert-anis;;;1;;2013-01-01;1;../import/couleur/colorama/fumeurs/2230384_1.jpg;0;Hauteur : 200, Diamètre : 80, Poids : 902, Durée de combustion : +/- 125, Tranche de combustion : 100 heures et plus, Type de produit : Bougies cylindriques, Collection : Colorama, Famille olfactive : , Parfum : ;0;;0;0;0;0;0;1
2230326;;Bougie cylindrique 125h turquoise;30,27,67,65;13,33;1;;0;;;;;2230326;;;;3023672303269;;0;;;;;50;1;;;;;;<p>Avec la <strong>bougie cylindrique turquoise</strong>, imaginez que vos pièces de vie ruissellent des eaux pures et cristallines d’une mer des tropiques. Cette <strong>bougie décorative</strong> transforme alors votre intérieur en un lagon bleu. Quel que soit son emplacement, la <strong>bougie cylindrique</strong>, teintée masse, vous promet une vague déferlante de fraîcheur dans tout votre intérieur. <br/> <br/> <strong>Fabriquées à la main</strong>, ces <strong>bougies turquoise</strong> sont conçues à partir de méthodes traditionnelles pour vous garantir une <strong>qualité haut de gamme</strong>. Ces <strong>bougies artisanales</strong> sont dotées d’une qualité de brûlage exceptionnelle, assurant une durée de combustion d’environ 125h, sans risque de coulure.  <br/> <br/> Pour prolonger l’instant tropical, agrémentez cette <strong>bougie cylindrique turquoise</strong> avec toutes nos <a href="/65-bougies-couleurs" >bougies de couleur</a>. <br/><br/>;;Bougie cylindrique 125h turquoise;Bougie cylindrique 125h turquoise;Avec la bougie cylindrique turquoise, imaginez que vos pièces de vie ruissellent des eaux d’une mer des tropiques. Cette bougie décorative vous promet une vague déferlante de fraîcheur dans tout votre intérieur.;bougie-cylindrique-125h-turquoise;;;1;;2013-01-01;1;../import/couleur/colorama/fumeurs/2230326_1.jpg;0;Hauteur : 200, Diamètre : 80, Poids : 902, Durée de combustion : +/- 125, Tranche de combustion : 100 heures et plus, Type de produit : Bougies cylindriques, Collection : Colorama, Famille olfactive : , Parfum : ;0;;0;0;0;0;0;1
2230352;;Bougie cylindrique 125h gris perle;30,27,67,65;13,33;1;;0;;;;;2230352;;;;3023672303528;;0;;;;;50;1;;;;;;<p>Quel que soit le thème de votre soirée, la <strong>bougie cylindrique gris perle </strong> sera parfaite pour donner de l’éclat à votre pièce. Au coloris moderne très élégant, cette <strong>bougie décorative</strong> s’orne de la douceur nacrée des perles du Pacifique… Dotée d’une tonalité intemporelle, la <strong>bougie pilier</strong> teintée masse met en valeur vos plus beaux meubles et vous assure un rayonnement du plus bel effet. <br/><br/> <strong>Fabriquées à la main</strong>, ces <strong>bougies gris perle</strong> sont conçues à partir de méthodes traditionnelles pour vous garantir une <strong>qualité haut de gamme</strong>. Ces <strong>bougies artisanales</strong> sont dotées d’une qualité de brûlage exceptionnelle, assurant une durée de combustion d’environ 125h, sans risque de coulure.  <br/> <br/> Poussez le raffinement, et agrémentez cette <strong>bougie cylindrique gris perle</strong> de <a href="/fr/2230349-bougie-cylindrique-125h-noir" >bougie cylindrique noire 125h</a>.<br/><br/> Bougie artisanale fabriquée à la main. </p>;;Bougie cylindrique 125h gris perle;Bougie cylindrique 125h gris perle;La bougie cylindrique gris perle sera parfaite pour donner de l’éclat à votre pièce. Intemporelle, la bougie pilier met en valeur vos plus beaux meubles et assure un rayonnement du plus bel effet.;bougie-cylindrique-125h-gris-perle;;;1;;2013-01-01;1;../import/couleur/colorama/fumeurs/2230352_1.jpg;0;Hauteur : 200, Diamètre : 80, Poids : 902, Durée de combustion : +/- 125, Tranche de combustion : 100 heures et plus, Type de produit : Bougies cylindriques, Collection : Colorama, Famille olfactive : , Parfum : ;0;;0;0;0;0;0;1
2230325;;Bougie cylindrique 125h violet pensée;30,27,67,65;13,33;1;;0;;;;;2230325;;;;3023672303252;;0;;;;;50;1;;;;;;<p>Avec la <strong>bougie cylindrique violet pensée</strong>, apportez une touche de féminité à votre habitat. Teintée masse, cette <strong>bougie cylindrique</strong> reprend les délicates tonalités d’une fleur de pensée. Enrichie d’une pointe de tendresse et de romantisme, la <strong>bougie pilier</strong> rehaussera vos espaces d’une couleur qui vous ressemble. Allumez-la, et terminez votre journée d’une ambiance tamisée… <br/> <br/> <strong>Fabriquées à la main</strong>, ces <strong>bougies violet pensée</strong> sont conçues à partir de méthodes traditionnelles pour vous garantir une <strong>qualité haut de gamme</strong>. Ces <strong>bougies artisanales</strong> sont dotées d’une qualité de brûlage exceptionnelle, assurant une durée de combustion d’environ 125h, sans risque de coulure.  <br/> <br/> Pour allier déco et douceur, complétez la <strong>bougie cylindrique violet pensée</strong> avec nos <a href="/2240225-bougie-ronde-8cm-23h-violet-pensee" >rondes violet pensée</a>. <br/><br/> Bougie artisanale fabriquée à la main. </p>;;Bougie cylindrique 125h violet pensée;Bougie cylindrique 125h violet pensée;Avec la bougie cylindrique violet pensée, apportez une touche de féminité à votre habitat. Enrichie d’une pointe de tendresse, la bougie pilier rehaussera vos espaces d’une couleur qui vous ressemble.;bougie-cylindrique-125h-violet-pensee;;;1;;2013-01-01;1;../import/couleur/colorama/fumeurs/2230325_1.jpg;0;Hauteur : 200, Diamètre : 80, Poids : 902, Durée de combustion : +/- 125, Tranche de combustion : 100 heures et plus, Type de produit : Bougies cylindriques, Collection : Colorama, Famille olfactive : , Parfum : ;0;;0;0;0;0;0;1
2230356;;Bougie cylindrique 125h rose pivoine;30,27,67,65;13,33;1;;0;;;;;2230356;;;;3023672303566;;0;;;;;50;1;;;;;;<p>Allumez la <strong>bougie cylindrique rose pivoine</strong>, et ouvrez grand les portes du jardin. Tout simplement séduisante, la tonalité rose intense de cette <strong>bougie décorative</strong> a emprunté sa robe aux pétales d’une fleur de pivoine. Teintée masse, la <strong>bougie cylindrique</strong> vous transportera dans un décor plein de féminité. Trouvez-lui son emplacement idéal, répandez sa lumière et voyez la vie en rose ! <br/><br/><strong>Fabriquées à la main</strong>, ces <strong>bougies rose pivoine</strong> sont conçues à partir de méthodes traditionnelles pour vous garantir une <strong>qualité haut de gamme</strong>. Ces <strong>bougies artisanales</strong> sont dotées d’une qualité de brûlage exceptionnelle, assurant une durée de combustion d’environ 125h, sans risque de coulure.  <br/> <br/>Pour vous offrir un vrai bouquet, assortez la <strong>bougie cylindrique rose pivoine</strong> à toutes nos <a href="/67-bougies-d-ambiance" >bougies d’ambiance colorées</a>. <br/><br/>Bougie artisanale fabriquée à la main. </p>;;Bougie cylindrique 125h rose pivoine;Bougie cylindrique 125h rose pivoine;Allumez la bougie cylindrique rose pivoine, et ouvrez grand les portes du jardin. Tout simplement séduisante, cette bougie décorative vous transportera dans un décor de féminité.;bougie-cylindrique-125h-rose-pivoine;;;1;;2013-01-01;1;../import/couleur/colorama/fumeurs/2230356_1.jpg;0;Hauteur : 200, Diamètre : 80, Poids : 902, Durée de combustion : +/- 125, Tranche de combustion : 100 heures et plus, Type de produit : Bougies cylindriques, Collection : Colorama, Famille olfactive : , Parfum : ;0;;0;0;0;0;0;1
2230318;;Bougie cylindrique 125h gris zinc;30,27,67,65;13,33;1;;0;;;;;2230318;;;;3023672303184;;0;;;;;50;1;;;;;;<p>Quoi de plus chic et séduisant que la <strong>bougie cylindrique gris zinc</strong> pour habiller votre intérieur en toute sobriété. Moderne et élégante, teintée masse, cette <strong>bougie cylindrique</strong> adopte une tonalité d’un gris profond et mystérieux. Au coloris indémodable, la <strong>bougie décorative</strong> trônera sur une vitrine, un vaisselier, vous garantissant une ambiance très classe !<br/> <br/> <strong>Fabriquées à la main</strong>, ces <strong>bougies gris zinc</strong> sont conçues à partir de méthodes traditionnelles pour vous garantir une <strong>qualité haut de gamme</strong>. Ces <strong>bougies artisanales</strong> sont dotées d’une qualité de brûlage exceptionnelle, assurant une durée de combustion d’environ 125h, sans risque de coulure.  <br/> <br/> Avec toujours autant d’allure, la <strong>bougie cylindrique gris zinc</strong> peut être assortie à toutes nos <a href="/67-bougies-d-ambiance" >bougies d’ambiance colorées</a>. <br/><br/> Bougie artisanale fabriquée à la main. </p>;;Bougie cylindrique 125h gris zinc;Bougie cylindrique 125h gris zinc;Quoi de plus chic et séduisant que la bougie cylindrique gris zinc ? Au coloris indémodable, la bougie décorative trônera sur une vitrine vous garantissant une ambiance très classe !;bougie-cylindrique-125h-gris-zinc;;;1;;2013-01-01;;../import/couleur/colorama/fumeurs/2230318_1.jpg;0;Hauteur : 200, Diamètre : 80, Poids : 902, Durée de combustion : +/- 125, Tranche de combustion : 100 heures et plus, Type de produit : Bougies cylindriques, Collection : Colorama, Famille olfactive : , Parfum : ;0;;0;0;0;0;0;1
2230387;;Bougie cylindrique 125h rouge Noël;30,27,67,65;13,33;1;;0;;;;;2230387;;;;3023672303870;;0;;;;;50;1;;;;;;<p>Vous promettant chaleur et convivialité, la <strong>bougie cylindrique rouge Noël</strong> rendra votre pièce éclatante de vie. Teintée masse, cette <strong>bougie décorative</strong> exposée, par exemple, au centre d’une table de fête, insufflera à votre repas un esprit féérique. Egalement utilisée tout au long de l’année, la couleur de cette <strong>bougie cylindrique</strong> se fait glamour… Et accompagne d’un voile tamisé vos soirées romantiques…<br/> <br/> <strong>Fabriquées à la main</strong>, ces <strong>bougies rouge Noël</strong> sont conçues à partir de méthodes traditionnelles pour vous garantir une <strong>qualité haut de gamme</strong>. Ces <strong>bougies artisanales</strong> sont dotées d’une qualité de brûlage exceptionnelle, assurant une durée de combustion d’environ 125h, sans risque de coulure.  <br/> <br/> Et vous trouverez aisément partenaires à cette <strong>bougie cylindrique rouge Noël</strong> parmi toutes nos <a href="/67-bougies-d-ambiance" >bougies d’ambiance colorées</a>.<br/><br/> Bougie artisanale fabriquée à la main. </p>;;Bougie cylindrique 125h rouge Noël;Bougie cylindrique 125h rouge Noël;Sur une table de fête, cette bougie décorative insufflera un esprit féérique. Utilisée tout au long de l’année, cette bougie cylindrique rouge se fait glamour… Et accompagne vos soirées d’un voile tamisé.;bougie-cylindrique-125h-rouge-noel;;;1;;2013-01-01;;../import/couleur/colorama/fumeurs/2230387_1.jpg;0;Hauteur : 200, Diamètre : 80, Poids : 902, Durée de combustion : +/- 125, Tranche de combustion : 100 heures et plus, Type de produit : Bougies cylindriques, Collection : Colorama, Famille olfactive : , Parfum : ;0;;0;0;0;0;0;1
